Event Type,Category,Description,Property Name,Property Type,Property Description,Source Node ID,Source Node IDs
login_screen_input_email_entered,Login,User enters value in Input/Email,field_name,string,Name of the input field,1:10,"[""1:10""]"
login_screen_input_email_entered,Login,User enters value in Input/Email,is_valid,boolean,Whether the input passed validation,1:10,"[""1:10""]"
login_screen_input_email_entered,Login,User enters value in Input/Email,screen_name,string,Screen where event occurred,1:10,"[""1:10""]"
login_screen_input_email_entered,Login,User enters value in Input/Email,platform,string,,1:10,"[""1:10""]"
login_screen_input_email_entered,Login,User enters value in Input/Email,app_version,string,Application version,1:10,"[""1:10""]"
login_screen_input_password_entered,Login,User enters value in Input/Password,field_name,string,Name of the input field,1:12,"[""1:12""]"
login_screen_input_password_entered,Login,User enters value in Input/Password,is_valid,boolean,Whether the input passed validation,1:12,"[""1:12""]"
login_screen_input_password_entered,Login,User enters value in Input/Password,screen_name,string,Screen where event occurred,1:12,"[""1:12""]"
login_screen_input_password_entered,Login,User enters value in Input/Password,platform,string,,1:12,"[""1:12""]"
login_screen_input_password_entered,Login,User enters value in Input/Password,app_version,string,Application version,1:12,"[""1:12""]"
login_screen_log_in_clicked,Login,User clicks Log In,element_text,string,Visible text of the clicked element,1:14,"[""1:14"", ""1:30""]"
login_screen_log_in_clicked,Login,User clicks Log In,screen_name,string,Screen where event occurred,1:14,"[""1:14"", ""1:30""]"
login_screen_log_in_clicked,Login,User clicks Log In,platform,string,,1:14,"[""1:14"", ""1:30""]"
login_screen_log_in_clicked,Login,User clicks Log In,app_version,string,Application version,1:14,"[""1:14"", ""1:30""]"
login_screen_forgot_password_clicked,Login,User clicks Forgot password?,element_text,string,Visible text of the clicked element,1:16,"[""1:16""]"
login_screen_forgot_password_clicked,Login,User clicks Forgot password?,screen_name,string,Screen where event occurred,1:16,"[""1:16""]"
login_screen_forgot_password_clicked,Login,User clicks Forgot password?,platform,string,,1:16,"[""1:16""]"
login_screen_forgot_password_clicked,Login,User clicks Forgot password?,app_version,string,Application version,1:16,"[""1:16""]"
login_screen_remember_me_toggled,Login,User toggles Remember me,screen_name,string,Screen where event occurred,1:20,"[""1:20""]"
login_screen_remember_me_toggled,Login,User toggles Remember me,platform,string,,1:20,"[""1:20""]"
login_screen_remember_me_toggled,Login,User toggles Remember me,app_version,string,Application version,1:20,"[""1:20""]"
home_account_balance_viewed,Home,User views Account Balance,screen_name,string,Screen where event occurred,2:10,"[""2:10""]"
home_account_balance_viewed,Home,User views Account Balance,platform,string,,2:10,"[""2:10""]"
home_account_balance_viewed,Home,User views Account Balance,app_version,string,Application version,2:10,"[""2:10""]"
home_transfer_clicked,Home,User clicks Transfer,element_text,string,Visible text of the clicked element,2:12,"[""2:12""]"
home_transfer_clicked,Home,User clicks Transfer,screen_name,string,Screen where event occurred,2:12,"[""2:12""]"
home_transfer_clicked,Home,User clicks Transfer,platform,string,,2:12,"[""2:12""]"
home_transfer_clicked,Home,User clicks Transfer,app_version,string,Application version,2:12,"[""2:12""]"
home_pay_bills_clicked,Home,User clicks Pay Bills,element_text,string,Visible text of the clicked element,2:14,"[""2:14""]"
home_pay_bills_clicked,Home,User clicks Pay Bills,screen_name,string,Screen where event occurred,2:14,"[""2:14""]"
home_pay_bills_clicked,Home,User clicks Pay Bills,platform,string,,2:14,"[""2:14""]"
home_pay_bills_clicked,Home,User clicks Pay Bills,app_version,string,Application version,2:14,"[""2:14""]"
home_accounts_viewed,Home,User views Accounts,screen_name,string,Screen where event occurred,2:16,"[""2:16""]"
home_accounts_viewed,Home,User views Accounts,platform,string,,2:16,"[""2:16""]"
home_accounts_viewed,Home,User views Accounts,app_version,string,Application version,2:16,"[""2:16""]"
home_cards_viewed,Home,User views Cards,screen_name,string,Screen where event occurred,2:18,"[""2:18""]"
home_cards_viewed,Home,User views Cards,platform,string,,2:18,"[""2:18""]"
home_cards_viewed,Home,User views Cards,app_version,string,Application version,2:18,"[""2:18""]"
home_bottom_nav_clicked,Home,User clicks BottomNav,element_text,string,Visible text of the clicked element,2:20,"[""2:20""]"
home_bottom_nav_clicked,Home,User clicks BottomNav,screen_name,string,Screen where event occurred,2:20,"[""2:20""]"
home_bottom_nav_clicked,Home,User clicks BottomNav,platform,string,,2:20,"[""2:20""]"
home_bottom_nav_clicked,Home,User clicks BottomNav,app_version,string,Application version,2:20,"[""2:20""]"
payment_form_amount_entered,Payments,User enters value in Amount,field_name,string,Name of the input field,3:10,"[""3:10""]"
payment_form_amount_entered,Payments,User enters value in Amount,is_valid,boolean,Whether the input passed validation,3:10,"[""3:10""]"
payment_form_amount_entered,Payments,User enters value in Amount,screen_name,string,Screen where event occurred,3:10,"[""3:10""]"
payment_form_amount_entered,Payments,User enters value in Amount,platform,string,,3:10,"[""3:10""]"
payment_form_amount_entered,Payments,User enters value in Amount,app_version,string,Application version,3:10,"[""3:10""]"
payment_form_select_account_selected,Payments,User selects from Select Account,screen_name,string,Screen where event occurred,3:12,"[""3:12""]"
payment_form_select_account_selected,Payments,User selects from Select Account,platform,string,,3:12,"[""3:12""]"
payment_form_select_account_selected,Payments,User selects from Select Account,app_version,string,Application version,3:12,"[""3:12""]"
payment_form_save_recipient_checked,Payments,User checks Save recipient,screen_name,string,Screen where event occurred,3:14,"[""3:14""]"
payment_form_save_recipient_checked,Payments,User checks Save recipient,platform,string,,3:14,"[""3:14""]"
payment_form_save_recipient_checked,Payments,User checks Save recipient,app_version,string,Application version,3:14,"[""3:14""]"
payment_form_send_payment_clicked,Payments,User clicks Send Payment,element_text,string,Visible text of the clicked element,3:16,"[""3:16""]"
payment_form_send_payment_clicked,Payments,User clicks Send Payment,screen_name,string,Screen where event occurred,3:16,"[""3:16""]"
payment_form_send_payment_clicked,Payments,User clicks Send Payment,platform,string,,3:16,"[""3:16""]"
payment_form_send_payment_clicked,Payments,User clicks Send Payment,app_version,string,Application version,3:16,"[""3:16""]"
payment_form_interactive_frame_clicked,Payments,User clicks InteractiveFrame,element_text,string,Visible text of the clicked element,3:18,"[""3:18""]"
payment_form_interactive_frame_clicked,Payments,User clicks InteractiveFrame,screen_name,string,Screen where event occurred,3:18,"[""3:18""]"
payment_form_interactive_frame_clicked,Payments,User clicks InteractiveFrame,platform,string,,3:18,"[""3:18""]"
payment_form_interactive_frame_clicked,Payments,User clicks InteractiveFrame,app_version,string,Application version,3:18,"[""3:18""]"
payment_success_done_clicked,Payments,User clicks Done,element_text,string,Visible text of the clicked element,3:20,"[""3:20""]"
payment_success_done_clicked,Payments,User clicks Done,screen_name,string,Screen where event occurred,3:20,"[""3:20""]"
payment_success_done_clicked,Payments,User clicks Done,platform,string,,3:20,"[""3:20""]"
payment_success_done_clicked,Payments,User clicks Done,app_version,string,Application version,3:20,"[""3:20""]"
home_pageview,Home,User views home screen,screen_name,string,Screen where event occurred,,[]
home_pageview,Home,User views home screen,platform,string,,,[]
home_pageview,Home,User views home screen,app_version,string,Application version,,[]
login_screen_pageview,Login,User views login screen screen,screen_name,string,Screen where event occurred,,[]
login_screen_pageview,Login,User views login screen screen,platform,string,,,[]
login_screen_pageview,Login,User views login screen screen,app_version,string,Application version,,[]
payment_form_pageview,Payments,User views payment form screen,screen_name,string,Screen where event occurred,,[]
payment_form_pageview,Payments,User views payment form screen,platform,string,,,[]
payment_form_pageview,Payments,User views payment form screen,app_version,string,Application version,,[]
payment_success_pageview,Payments,User views payment success screen,screen_name,string,Screen where event occurred,,[]
payment_success_pageview,Payments,User views payment success screen,platform,string,,,[]
payment_success_pageview,Payments,User views payment success screen,app_version,string,Application version,,[]
